{"episode_reward": [15.0, 22.0, 21.0, 12.0, 26.0, 17.0, 14.0, 11.0, 12.0, 39.0, 25.0, 19.0, 10.0, 12.0, 22.0, 10.0, 21.0, 18.0, 31.0, 29.0, 12.0, 22.0, 15.0, 11.0, 19.0, 20.0, 15.0, 10.0, 11.0, 9.0, 32.0, 55.0, 13.0, 23.0, 14.0, 32.0, 13.0, 13.0, 14.0, 11.0, 19.0, 22.0, 17.0, 20.0, 24.0, 15.0, 25.0, 17.0, 21.0, 27.0, 25.0, 52.0, 12.0, 14.0, 28.0, 41.0, 21.0, 43.0, 56.0, 96.0, 62.0, 23.0, 82.0, 92.0, 100.0, 124.0, 200.0, 159.0, 200.0, 166.0, 120.0, 200.0, 200.0, 132.0, 141.0, 171.0, 192.0, 184.0, 176.0, 200.0, 200.0, 185.0, 200.0, 200.0, 200.0, 200.0, 200.0, 200.0, 200.0, 200.0, 156.0, 200.0, 200.0, 200.0, 200.0, 200.0, 163.0, 200.0, 200.0, 180.0, 200.0, 191.0, 200.0, 200.0, 158.0, 178.0, 200.0, 168.0, 196.0], "nb_steps": [15, 37, 58, 70, 96, 113, 127, 138, 150, 189, 214, 233, 243, 255, 277, 287, 308, 326, 357, 386, 398, 420, 435, 446, 465, 485, 500, 510, 521, 530, 562, 617, 630, 653, 667, 699, 712, 725, 739, 750, 769, 791, 808, 828, 852, 867, 892, 909, 930, 957, 982, 1034, 1046, 1060, 1088, 1129, 1150, 1193, 1249, 1345, 1407, 1430, 1512, 1604, 1704, 1828, 2028, 2187, 2387, 2553, 2673, 2873, 3073, 3205, 3346, 3517, 3709, 3893, 4069, 4269, 4469, 4654, 4854, 5054, 5254, 5454, 5654, 5854, 6054, 6254, 6410, 6610, 6810, 7010, 7210, 7410, 7573, 7773, 7973, 8153, 8353, 8544, 8744, 8944, 9102, 9280, 9480, 9648, 9844], "mean_absolute_error": [0.6093949377536774, 0.6109614968299866, 0.6288495659828186, 0.6946483254432678, 0.7829132676124573, 0.812932014465332, 0.8888912796974182, 0.9171468615531921, 0.994638204574585, 1.092661738395691, 1.199509859085083, 1.2611826658248901, 1.3144795894622803, 1.3822189569473267, 1.461221694946289, 1.482105016708374, 1.5680875778198242, 1.6482573747634888, 1.7200288772583008, 1.841477394104004, 1.9054635763168335, 1.9556941986083984, 2.04079008102417, 2.0808794498443604, 2.147414445877075, 2.217134714126587, 2.2274954319000244, 2.271251678466797, 2.3080532550811768, 2.4066152572631836, 2.483738899230957, 2.6179540157318115, 2.7685773372650146, 2.831554651260376, 2.853440046310425, 2.9776487350463867, 3.0730574131011963, 3.0906503200531006, 3.0851991176605225, 3.1919403076171875, 3.2376232147216797, 3.285980463027954, 3.333444118499756, 3.4120821952819824, 3.4948997497558594, 3.501850128173828, 3.63505482673645, 3.7528762817382812, 3.7548458576202393, 3.8887698650360107, 3.9031991958618164, 4.066565036773682, 4.22298526763916, 4.173356056213379, 4.321535587310791, 4.427779674530029, 4.587584018707275, 4.641617298126221, 4.814183235168457, 5.143130779266357, 5.474426746368408, 5.565034866333008, 5.817568778991699, 6.220828533172607, 6.6381659507751465, 7.107298851013184, 7.851400375366211, 8.611995697021484, 9.501577377319336, 10.42602252960205, 11.020845413208008, 11.755537986755371, 12.801970481872559, 13.669984817504883, 14.10581111907959, 14.71096420288086, 15.659491539001465, 16.382064819335938, 17.044055938720703, 17.786094665527344, 18.60727310180664, 19.39295768737793, 20.03734016418457, 20.83230209350586, 21.638389587402344, 22.385143280029297, 23.140464782714844, 23.900188446044922, 24.50579833984375, 25.196210861206055, 25.851255416870117, 26.226490020751953, 26.907114028930664, 27.438941955566406, 27.99203872680664, 28.67217254638672, 28.95879554748535, 29.2318115234375, 29.899866104125977, 30.330883026123047, 30.698579788208008, 31.00286102294922, 31.455974578857422, 32.0109977722168, 32.485782623291016, 32.67054748535156, 32.955379486083984, 33.408111572265625, 33.6878776550293], "loss": [0.6293824464082718, 0.46838733553886414, 0.21477067470550537, 0.0977165624499321, 0.12796173989772797, 0.08431900292634964, 0.1219179630279541, 0.11688173562288284, 0.10631033033132553, 0.13277503848075867, 0.09889893233776093, 0.10046733170747757, 0.10139226913452148, 0.12846696376800537, 0.09702832251787186, 0.14309823513031006, 0.1460641473531723, 0.13912229239940643, 0.13140073418617249, 0.17067445814609528, 0.15155941247940063, 0.14794887602329254, 0.1907832771539688, 0.19124770164489746, 0.1788165122270584, 0.172589510679245, 0.21206608414649963, 0.17563246190547943, 0.15638571977615356, 0.26738202571868896, 0.2660004794597626, 0.32725995779037476, 0.3028845489025116, 0.2807921767234802, 0.320701539516449, 0.40979617834091187, 0.44995641708374023, 0.47391507029533386, 0.4338328242301941, 0.3308461010456085, 0.3915443420410156, 0.42631417512893677, 0.39962315559387207, 0.37961894273757935, 0.3630046844482422, 0.2849382758140564, 0.37990906834602356, 0.3410828113555908, 0.4732663631439209, 0.3674792945384979, 0.4541286528110504, 0.44943925738334656, 0.38914504647254944, 0.6192438006401062, 0.3669373095035553, 0.5231102108955383, 0.5635709762573242, 0.4906591773033142, 0.4054830074310303, 0.39876553416252136, 0.3886173367500305, 0.6370566487312317, 0.5231512784957886, 0.47148725390434265, 0.4601188898086548, 0.5316701531410217, 0.7306633591651917, 0.7167881727218628, 0.813679575920105, 1.3642878532409668, 1.3238813877105713, 0.95635586977005, 1.0641396045684814, 1.738019347190857, 1.7659337520599365, 1.234387993812561, 1.4568449258804321, 1.7059029340744019, 1.8157858848571777, 2.4697728157043457, 2.986191987991333, 2.7960782051086426, 3.172957420349121, 2.1410317420959473, 3.654717445373535, 3.265336036682129, 3.837892532348633, 3.5359151363372803, 4.133122444152832, 3.6508448123931885, 3.937973737716675, 4.180746555328369, 2.810643196105957, 3.5937349796295166, 4.4114837646484375, 4.7817487716674805, 3.319373846054077, 4.365861892700195, 3.750098943710327, 3.24666690826416, 5.622833728790283, 3.8003740310668945, 6.007059097290039, 3.972933053970337, 3.9306390285491943, 4.095828533172607, 4.059691905975342, 4.892594814300537, 5.214491367340088], "nb_episode_steps": [15, 22, 21, 12, 26, 17, 14, 11, 12, 39, 25, 19, 10, 12, 22, 10, 21, 18, 31, 29, 12, 22, 15, 11, 19, 20, 15, 10, 11, 9, 32, 55, 13, 23, 14, 32, 13, 13, 14, 11, 19, 22, 17, 20, 24, 15, 25, 17, 21, 27, 25, 52, 12, 14, 28, 41, 21, 43, 56, 96, 62, 23, 82, 92, 100, 124, 200, 159, 200, 166, 120, 200, 200, 132, 141, 171, 192, 184, 176, 200, 200, 185, 200, 200, 200, 200, 200, 200, 200, 200, 156, 200, 200, 200, 200, 200, 163, 200, 200, 180, 200, 191, 200, 200, 158, 178, 200, 168, 196],