{"loss": [NaN, NaN, NaN, NaN, NaN, NaN, NaN, NaN, NaN, NaN, NaN, NaN, NaN, NaN, NaN], "nb_steps": [1, 2, 12, 13, 14, 15, 24, 25, 26, 27, 37, 47, 48, 50, 51], "episode_reward": [10.0, 10.0, 0.0, 10.0, 10.0, 10.0, 10.0, 10.0, 10.0, 10.0, 0.0, 0.0, 10.0, 10.0, 10.0], "mean_squared_error": [NaN, NaN, NaN, NaN, NaN, NaN, NaN, NaN, NaN, NaN, NaN, NaN, NaN, NaN, NaN], "nb_episode_steps": [1, 1, 10, 1, 1, 1, 9, 1, 1, 1, 10, 10, 1, 2, 1], "duration": [0.19799494743347168, 0.009763002395629883, 0.07431793212890625, 0.011641979217529297, 0.011584043502807617, 0.009773969650268555, 0.059227943420410156, 0.009768962860107422, 0.013730049133300781, 0.013345003128051758, 0.06769895553588867, 0.06366515159606934, 0.016340017318725586, 0.01646709442138672, 0.010331869125366211], "episode": [0, 1, 2, 3, 4, 5, 6, 7, 8, 9, 10, 11, 12, 13, 14], "mean_q": [NaN, NaN, NaN, NaN, NaN, NaN, NaN, NaN, NaN, NaN, NaN, NaN, NaN, NaN, NaN]}