{"loss": [NaN, NaN, NaN, NaN, NaN, NaN, NaN, NaN, NaN, NaN, NaN, NaN, NaN, NaN, NaN, NaN, NaN, NaN, NaN, NaN, NaN, NaN, NaN, NaN, NaN, NaN, NaN], "nb_steps": [1, 2, 3, 4, 5, 6, 7, 8, 9, 10, 11, 12, 22, 23, 24, 25, 26, 27, 28, 38, 40, 50, 51, 52, 53, 54, 55], "episode_reward": [10.0, 10.0, 10.0, 10.0, 10.0, 10.0, 10.0, 10.0, 10.0, 10.0, 10.0, 10.0, 0.0, 10.0, 10.0, 10.0, 10.0, 10.0, 10.0, 0.0, 10.0, 0.0, 10.0, 10.0, 10.0, 10.0, 10.0], "mean_squared_error": [NaN, NaN, NaN, NaN, NaN, NaN, NaN, NaN, NaN, NaN, NaN, NaN, NaN, NaN, NaN, NaN, NaN, NaN, NaN, NaN, NaN, NaN, NaN, NaN, NaN, NaN, NaN], "nb_episode_steps": [1, 1, 1, 1, 1, 1, 1, 1, 1, 1, 1, 1, 10, 1, 1, 1, 1, 1, 1, 10, 2, 10, 1, 1, 1, 1, 1], "duration": [0.12569594383239746, 0.007161855697631836, 0.006901979446411133, 0.006747007369995117, 0.00726008415222168, 0.006888866424560547, 0.0070400238037109375, 0.007248878479003906, 0.00807499885559082, 0.007508039474487305, 0.008166074752807617, 0.008806943893432617, 0.03705286979675293, 0.007977962493896484, 0.008059978485107422, 0.008114099502563477, 0.006757020950317383, 0.0069849491119384766, 0.0072481632232666016, 0.030117034912109375, 0.0111541748046875, 0.030905961990356445, 0.007014036178588867, 0.007418155670166016, 0.007272958755493164, 0.006944179534912109, 0.008508920669555664], "episode": [0, 1, 2, 3, 4, 5, 6, 7, 8, 9, 10, 11, 12, 13, 14, 15, 16, 17, 18, 19, 20, 21, 22, 23, 24, 25, 26], "mean_q": [NaN, NaN, NaN, NaN, NaN, NaN, NaN, NaN, NaN, NaN, NaN, NaN, NaN, NaN, NaN, NaN, NaN, NaN, NaN, NaN, NaN, NaN, NaN, NaN, NaN, NaN, NaN]}