{"loss": [NaN, NaN, NaN, NaN, NaN, NaN, NaN, NaN, NaN, NaN, NaN, NaN, NaN, NaN, NaN, NaN, NaN, NaN, NaN, NaN], "nb_steps": [1, 11, 21, 22, 32, 33, 43, 53, 54, 55, 56, 57, 58, 68, 74, 75, 85, 86, 87, 97], "episode_reward": [10.0, 0.0, 0.0, 10.0, 0.0, 10.0, 0.0, 0.0, 10.0, 10.0, 10.0, 10.0, 10.0, 0.0, 10.0, 10.0, 0.0, 10.0, 10.0, 0.0], "mean_squared_error": [NaN, NaN, NaN, NaN, NaN, NaN, NaN, NaN, NaN, NaN, NaN, NaN, NaN, NaN, NaN, NaN, NaN, NaN, NaN, NaN], "nb_episode_steps": [1, 10, 10, 1, 10, 1, 10, 10, 1, 1, 1, 1, 1, 10, 6, 1, 10, 1, 1, 10], "duration": [0.10755610466003418, 0.07549500465393066, 0.06711411476135254, 0.013039827346801758, 0.0854649543762207, 0.009969949722290039, 0.08183097839355469, 0.09862208366394043, 0.012368917465209961, 0.011734962463378906, 0.010689020156860352, 0.016505956649780273, 0.01846599578857422, 0.07961893081665039, 0.06328105926513672, 0.012678861618041992, 0.08630013465881348, 0.013033866882324219, 0.013311147689819336, 0.07840704917907715], "episode": [0, 1, 2, 3, 4, 5, 6, 7, 8, 9, 10, 11, 12, 13, 14, 15, 16, 17, 18, 19], "mean_q": [NaN, NaN, NaN, NaN, NaN, NaN, NaN, NaN, NaN, NaN, NaN, NaN, NaN, NaN, NaN, NaN, NaN, NaN, NaN, NaN]}