{"loss": [NaN, NaN, NaN, NaN, NaN, NaN, NaN, NaN, NaN, NaN, NaN, NaN, NaN, NaN, NaN, NaN, NaN, NaN], "nb_steps": [10, 11, 12, 22, 23, 24, 34, 44, 45, 55, 65, 66, 68, 78, 79, 89, 90, 92], "episode_reward": [0.0, 10.0, 10.0, 0.0, 10.0, 10.0, 0.0, 0.0, 10.0, 0.0, 0.0, 10.0, 10.0, 0.0, 10.0, 0.0, 10.0, 10.0], "mean_squared_error": [NaN, NaN, NaN, NaN, NaN, NaN, NaN, NaN, NaN, NaN, NaN, NaN, NaN, NaN, NaN, NaN, NaN, NaN], "nb_episode_steps": [10, 1, 1, 10, 1, 1, 10, 10, 1, 10, 10, 1, 2, 10, 1, 10, 1, 2], "duration": [0.18509602546691895, 0.03915095329284668, 0.011919021606445312, 0.08355498313903809, 0.00934600830078125, 0.010894060134887695, 0.06247091293334961, 0.058670997619628906, 0.010731220245361328, 0.07942509651184082, 0.06590914726257324, 0.012395143508911133, 0.01983499526977539, 0.08581209182739258, 0.014733076095581055, 0.09235095977783203, 0.03388714790344238, 0.05977296829223633], "episode": [0, 1, 2, 3, 4, 5, 6, 7, 8, 9, 10, 11, 12, 13, 14, 15, 16, 17], "mean_q": [NaN, NaN, NaN, NaN, NaN, NaN, NaN, NaN, NaN, NaN, NaN, NaN, NaN, NaN, NaN, NaN, NaN, NaN]}