{"loss": [NaN, NaN, NaN, NaN, NaN, NaN, NaN, NaN, NaN, NaN, NaN, NaN, NaN, NaN, NaN, NaN], "nb_steps": [10, 11, 21, 31, 41, 42, 43, 47, 57, 67, 68, 69, 70, 80, 85, 95], "episode_reward": [10.0, 10.0, 0.0, 0.0, 0.0, 10.0, 10.0, 10.0, 0.0, 0.0, 10.0, 10.0, 10.0, 0.0, 10.0, 0.0], "mean_squared_error": [NaN, NaN, NaN, NaN, NaN, NaN, NaN, NaN, NaN, NaN, NaN, NaN, NaN, NaN, NaN, NaN], "nb_episode_steps": [10, 1, 10, 10, 10, 1, 1, 4, 10, 10, 1, 1, 1, 10, 5, 10], "duration": [0.21787810325622559, 0.014847040176391602, 0.10025811195373535, 0.14229798316955566, 0.1469109058380127, 0.021703004837036133, 0.03406500816345215, 0.05633401870727539, 0.1395890712738037, 0.14391803741455078, 0.014436960220336914, 0.017920970916748047, 0.024790048599243164, 0.1211998462677002, 0.06474089622497559, 0.09836196899414062], "episode": [0, 1, 2, 3, 4, 5, 6, 7, 8, 9, 10, 11, 12, 13, 14, 15], "mean_q": [NaN, NaN, NaN, NaN, NaN, NaN, NaN, NaN, NaN, NaN, NaN, NaN, NaN, NaN, NaN, NaN]}